problem,num_nodes,num_edges,traffic_seed,tm_model,scale_factor,num_commodities,total_demand,algo,split_method,split_fraction,num_subproblems,num_paths,edge_disjoint,dist_metric,objective,obj_val,runtime
GtsCe.graphml,149,386,1088539607,gravity,4.0,22050,1992.7869873046875,pop,random,0,16,4,True,inv-cap,mcf,0.9999999999999999,0.013555049896240234
GtsCe.graphml,149,386,1956926541,gravity,8.0,22052,4016.525390625,pop,random,0,16,4,True,inv-cap,mcf,0.9999999999999999,0.019977092742919922
GtsCe.graphml,149,386,1479688182,gravity,1.0,22052,501.4217529296875,pop,random,0,16,4,True,inv-cap,mcf,0.9999999999999999,0.02337503433227539
GtsCe.graphml,149,386,1283401444,gravity,2.0,22051,1000.3094482421875,pop,random,0,16,4,True,inv-cap,mcf,0.9999999999999999,0.02092123031616211
GtsCe.graphml,149,386,1033617822,gravity,16.0,22051,7992.4306640625,pop,random,0,16,4,True,inv-cap,mcf,0.9999999999999999,0.028761863708496094
GtsCe.graphml,149,386,12734199,gravity,128.0,22052,63883.66015625,pop,random,0,16,4,True,inv-cap,mcf,0.15481346285885653,0.12489199638366699
GtsCe.graphml,149,386,1192263082,gravity,32.0,22051,16053.5146484375,pop,random,0,16,4,True,inv-cap,mcf,0.5876240091398275,0.1103060245513916
GtsCe.graphml,149,386,1321948195,gravity,64.0,22052,31993.994140625,pop,random,0,16,4,True,inv-cap,mcf,0.294540912129629,0.15513086318969727
GtsCe.graphml,149,386,1002931420,poisson,16.0,11181,339569.4375,pop,random,0.75,16,4,True,inv-cap,mcf,0.3184228615157939,0.054251909255981445
GtsCe.graphml,149,386,1137569267,poisson,64.0,11160,1358243.25,pop,random,0.75,16,4,True,inv-cap,mcf,0.07955922113324151,0.05145096778869629
GtsCe.graphml,149,386,1061024865,poisson,4.0,11165,84891.296875,pop,random,0.75,16,4,True,inv-cap,mcf,0.9999999999999999,0.03135108947753906
GtsCe.graphml,149,386,1050547667,poisson,128.0,11163,2716505.0,pop,random,0.75,16,4,True,inv-cap,mcf,0.03950061702521545,0.06341409683227539
GtsCe.graphml,149,386,1097464667,poisson,32.0,11134,679142.125,pop,random,0.75,16,4,True,inv-cap,mcf,0.15930278975381962,0.04851984977722168
GtsCe.graphml,149,386,1238195151,poisson,1.0,11163,21222.84375,pop,random,0.75,16,4,True,inv-cap,mcf,0.999999989404922,0.012507915496826172
GtsCe.graphml,149,386,1045673165,poisson,2.0,11176,42445.6875,pop,random,0.75,16,4,True,inv-cap,mcf,0.9999999999999999,0.026066064834594727
GtsCe.graphml,149,386,1172507251,poisson,8.0,11194,169785.96875,pop,random,0.75,16,4,True,inv-cap,mcf,0.6321159792639215,0.058956146240234375
GtsCe.graphml,149,386,1270793205,uniform,4.0,22052,2197.927978515625,pop,random,0,16,4,True,inv-cap,mcf,0.9999999999999999,0.017318010330200195
GtsCe.graphml,149,386,1216622520,uniform,64.0,22052,35077.78125,pop,random,0,16,4,True,inv-cap,mcf,0.2401314839499414,0.12315487861633301
GtsCe.graphml,149,386,11310254,uniform,2.0,22052,1106.06396484375,pop,random,0,16,4,True,inv-cap,mcf,0.9999999999999999,0.015954971313476562
GtsCe.graphml,149,386,1046627526,uniform,128.0,22052,70537.578125,pop,random,0,16,4,True,inv-cap,mcf,0.12660563411823894,0.14301681518554688
GtsCe.graphml,149,386,1847141163,uniform,16.0,22052,8821.240234375,pop,random,0,16,4,True,inv-cap,mcf,0.9961887021338551,0.03536391258239746
GtsCe.graphml,149,386,1059025534,uniform,8.0,22052,4417.93310546875,pop,random,0,16,4,True,inv-cap,mcf,0.9999999999999999,0.01718902587890625
GtsCe.graphml,149,386,1693860111,uniform,1.0,22052,550.3851318359375,pop,random,0,16,4,True,inv-cap,mcf,0.9999999999999999,0.01770305633544922
GtsCe.graphml,149,386,1041073419,uniform,32.0,22052,17602.65625,pop,random,0,16,4,True,inv-cap,mcf,0.47170757668577507,0.1177208423614502
GtsCe.graphml,149,386,1018732053,bimodal,2.0,22052,1096.4254004415543,pop,random,0,16,4,True,inv-cap,mcf,0.9999999999999999,0.01444101333618164
GtsCe.graphml,149,386,1411496438,bimodal,4.0,22052,2223.551835355677,pop,random,0,16,4,True,inv-cap,mcf,0.9999999999999999,0.013777017593383789
GtsCe.graphml,149,386,1028760280,bimodal,128.0,22052,71279.98510659154,pop,random,0,16,4,True,inv-cap,mcf,0.11624596270427182,0.15110206604003906
GtsCe.graphml,149,386,1084420326,bimodal,32.0,22052,17597.271824401527,pop,random,0,16,4,True,inv-cap,mcf,0.45881398431155906,0.12584590911865234
GtsCe.graphml,149,386,1094617564,bimodal,64.0,22052,35272.441052967064,pop,random,0,16,4,True,inv-cap,mcf,0.24731176030541546,0.15973305702209473
GtsCe.graphml,149,386,16158671,bimodal,1.0,22052,546.7043731020025,pop,random,0,16,4,True,inv-cap,mcf,0.9999999999999999,0.023058176040649414
GtsCe.graphml,149,386,1692363919,bimodal,16.0,22052,8884.5899661062,pop,random,0,16,4,True,inv-cap,mcf,0.9214011930305326,0.06809401512145996
GtsCe.graphml,149,386,1044086935,bimodal,8.0,22052,4442.944152193123,pop,random,0,16,4,True,inv-cap,mcf,0.9999999999999999,0.019426822662353516
GtsCe.graphml,149,386,1106233548,poisson,2.0,22052,1620.947021484375,pop,random,0,16,4,True,inv-cap,mcf,0.9999999999999999,0.018845081329345703
GtsCe.graphml,149,386,1087564464,poisson,4.0,22052,3242.146240234375,pop,random,0,16,4,True,inv-cap,mcf,0.9999999999999999,0.014120101928710938
GtsCe.graphml,149,386,1011338330,poisson,128.0,22052,103747.109375,pop,random,0,16,4,True,inv-cap,mcf,0.12107162355082,0.1370868682861328
GtsCe.graphml,149,386,1113602095,poisson,1.0,22052,810.587158203125,pop,random,0,16,4,True,inv-cap,mcf,0.9999999999999999,0.01912403106689453
GtsCe.graphml,149,386,109801559,poisson,16.0,22052,12970.21484375,pop,random,0,16,4,True,inv-cap,mcf,0.92639914625034,0.0532379150390625
GtsCe.graphml,149,386,1051917258,poisson,64.0,22052,51880.984375,pop,random,0,16,4,True,inv-cap,mcf,0.23698371843254243,0.17265582084655762
GtsCe.graphml,149,386,1098771085,poisson,8.0,22052,6488.13232421875,pop,random,0,16,4,True,inv-cap,mcf,0.9999999999999999,0.029072999954223633
GtsCe.graphml,149,386,343558094,poisson,32.0,22052,25936.82421875,pop,random,0,16,4,True,inv-cap,mcf,0.48248658856799836,0.132951021194458
UsCarrier.graphml,158,378,123874486,gravity,2.0,24806,1331.301513671875,pop,random,0,16,4,True,inv-cap,mcf,0.9999999999999999,0.014304161071777344
UsCarrier.graphml,158,378,146569124,gravity,16.0,24806,10692.1904296875,pop,random,0,16,4,True,inv-cap,mcf,0.5841065172370273,0.05025792121887207
UsCarrier.graphml,158,378,1454580274,gravity,128.0,24806,85202.0078125,pop,random,0,16,4,True,inv-cap,mcf,0.07386207722596907,0.08376812934875488
UsCarrier.graphml,158,378,126410113,gravity,1.0,24805,667.4087524414062,pop,random,0,16,4,True,inv-cap,mcf,0.9999999999999999,0.014883995056152344
UsCarrier.graphml,158,378,1604631843,gravity,64.0,24806,42760.29296875,pop,random,0,16,4,True,inv-cap,mcf,0.13725592359484162,0.08991694450378418
UsCarrier.graphml,158,378,1416924748,gravity,32.0,24805,21322.865234375,pop,random,0,16,4,True,inv-cap,mcf,0.2895366795535081,0.0709080696105957
UsCarrier.graphml,158,378,63124174,gravity,4.0,24806,2662.46875,pop,random,0,16,4,True,inv-cap,mcf,0.9999999999999999,0.011754035949707031
UsCarrier.graphml,158,378,2021178515,gravity,8.0,24805,5313.4619140625,pop,random,0,16,4,True,inv-cap,mcf,0.9999999999999999,0.04340386390686035
UsCarrier.graphml,158,378,1034066240,poisson,128.0,12515,1985528.25,pop,random,0.75,16,4,True,inv-cap,mcf,0.042547023820915214,0.0845479965209961
UsCarrier.graphml,158,378,1196923204,poisson,8.0,12574,124087.2890625,pop,random,0.75,16,4,True,inv-cap,mcf,0.617597148486195,0.059339046478271484
UsCarrier.graphml,158,378,1281112752,poisson,16.0,12555,248177.515625,pop,random,0.75,16,4,True,inv-cap,mcf,0.3258849716940988,0.05015707015991211
UsCarrier.graphml,158,378,1149123775,poisson,32.0,12588,496343.03125,pop,random,0.75,16,4,True,inv-cap,mcf,0.1531953354842241,0.05194997787475586
UsCarrier.graphml,158,378,1480195529,poisson,2.0,12541,31021.4375,pop,random,0.75,16,4,True,inv-cap,mcf,0.9999999999999999,0.02074289321899414
UsCarrier.graphml,158,378,1011993125,poisson,4.0,12573,62042.203125,pop,random,0.75,16,4,True,inv-cap,mcf,0.9999999999999999,0.02836298942565918
UsCarrier.graphml,158,378,1022383118,poisson,64.0,12595,992747.6875,pop,random,0.75,16,4,True,inv-cap,mcf,0.07845346729002091,0.04625296592712402
UsCarrier.graphml,158,378,1218360499,poisson,1.0,12528,15511.9248046875,pop,random,0.75,16,4,True,inv-cap,mcf,0.9999999999999999,0.011499166488647461
UsCarrier.graphml,158,378,1137013741,uniform,4.0,24806,2491.09326171875,pop,random,0,16,4,True,inv-cap,mcf,0.9999999999999999,0.02130579948425293
UsCarrier.graphml,158,378,1074581961,uniform,32.0,24806,19758.568359375,pop,random,0,16,4,True,inv-cap,mcf,0.27895414265703816,0.06337285041809082
UsCarrier.graphml,158,378,1008633627,uniform,1.0,24806,617.4738159179688,pop,random,0,16,4,True,inv-cap,mcf,0.9999999999999999,0.021541833877563477
UsCarrier.graphml,158,378,1323869923,uniform,8.0,24806,4965.296875,pop,random,0,16,4,True,inv-cap,mcf,0.9999999999999999,0.02480006217956543
UsCarrier.graphml,158,378,1535864789,uniform,2.0,24806,1233.8363037109375,pop,random,0,16,4,True,inv-cap,mcf,0.9999999999999999,0.018377065658569336
UsCarrier.graphml,158,378,1031527041,uniform,64.0,24806,39653.7421875,pop,random,0,16,4,True,inv-cap,mcf,0.14497075375968232,0.08915901184082031
UsCarrier.graphml,158,378,1671427951,uniform,128.0,24806,79516.96875,pop,random,0,16,4,True,inv-cap,mcf,0.070344368775556,0.07795882225036621
UsCarrier.graphml,158,378,1938895536,uniform,16.0,24806,9959.509765625,pop,random,0,16,4,True,inv-cap,mcf,0.5692363671146663,0.04130387306213379
UsCarrier.graphml,158,378,1337948604,bimodal,1.0,24806,597.2951145666278,pop,random,0,16,4,True,inv-cap,mcf,0.9999999999999999,0.011076927185058594
UsCarrier.graphml,158,378,1238083148,bimodal,2.0,24806,1193.261558435041,pop,random,0,16,4,True,inv-cap,mcf,0.9999999999999999,0.01910710334777832
UsCarrier.graphml,158,378,1283103487,bimodal,16.0,24806,9553.223703555579,pop,random,0,16,4,True,inv-cap,mcf,0.5492394574628239,0.05028891563415527
UsCarrier.graphml,158,378,1099957192,bimodal,128.0,24806,76701.72364082049,pop,random,0,16,4,True,inv-cap,mcf,0.07239143607051446,0.09903311729431152
UsCarrier.graphml,158,378,1122135634,bimodal,64.0,24806,38127.13085891274,pop,random,0,16,4,True,inv-cap,mcf,0.148857915025676,0.11679792404174805
UsCarrier.graphml,158,378,1278115862,bimodal,8.0,24806,4805.786009890619,pop,random,0,16,4,True,inv-cap,mcf,0.9999999999999999,0.03085017204284668
UsCarrier.graphml,158,378,1213164476,bimodal,4.0,24806,2391.953595982057,pop,random,0,16,4,True,inv-cap,mcf,0.9999999999999999,0.010616064071655273
UsCarrier.graphml,158,378,1198839118,bimodal,32.0,24806,19140.934384430027,pop,random,0,16,4,True,inv-cap,mcf,0.27953131260585534,0.05537891387939453
UsCarrier.graphml,158,378,1353382228,poisson,128.0,24806,135739.34375,pop,random,0,16,4,True,inv-cap,mcf,0.0751353601390276,0.07062101364135742
UsCarrier.graphml,158,378,1977660080,poisson,8.0,24806,8481.78515625,pop,random,0,16,4,True,inv-cap,mcf,0.9999999999999999,0.02902507781982422
UsCarrier.graphml,158,378,1061595861,poisson,32.0,24806,33933.796875,pop,random,0,16,4,True,inv-cap,mcf,0.28009571243548487,0.07573199272155762
UsCarrier.graphml,158,378,1733297565,poisson,64.0,24806,67858.5859375,pop,random,0,16,4,True,inv-cap,mcf,0.15275943947247206,0.08087301254272461
UsCarrier.graphml,158,378,2013435223,poisson,1.0,24806,1060.505859375,pop,random,0,16,4,True,inv-cap,mcf,0.9999999999999999,0.011133909225463867
UsCarrier.graphml,158,378,1758646282,poisson,2.0,24806,2121.14501953125,pop,random,0,16,4,True,inv-cap,mcf,0.9999999999999999,0.018762826919555664
UsCarrier.graphml,158,378,1082461213,poisson,16.0,24806,16968.974609375,pop,random,0,16,4,True,inv-cap,mcf,0.5969094135553904,0.05206608772277832
UsCarrier.graphml,158,378,1255092240,poisson,4.0,24806,4243.259765625,pop,random,0,16,4,True,inv-cap,mcf,0.9999999999999999,0.018746137619018555
Cogentco.graphml,197,486,1085483962,gravity,16.0,38612,19241.53125,pop,random,0,16,4,True,inv-cap,mcf,0.6069496159580126,0.16981887817382812
Cogentco.graphml,197,486,142626253,gravity,128.0,38612,153760.609375,pop,random,0,16,4,True,inv-cap,mcf,0.07641833565525818,0.22965502738952637
Cogentco.graphml,197,486,1425924102,gravity,4.0,38612,4809.27294921875,pop,random,0,16,4,True,inv-cap,mcf,0.9999999999999999,0.019837141036987305
Cogentco.graphml,197,486,1374632450,gravity,1.0,38610,1201.3656005859375,pop,random,0,16,4,True,inv-cap,mcf,0.9999999999999999,0.019086837768554688
Cogentco.graphml,197,486,1229219359,gravity,64.0,38610,76765.140625,pop,random,0,16,4,True,inv-cap,mcf,0.14580988551715696,0.21572208404541016
Cogentco.graphml,197,486,1486627102,gravity,32.0,38612,38399.109375,pop,random,0,16,4,True,inv-cap,mcf,0.29947673297818134,0.2566239833831787
Cogentco.graphml,197,486,1877587945,gravity,8.0,38611,9602.759765625,pop,random,0,16,4,True,inv-cap,mcf,0.9999999999999999,0.05444216728210449
Cogentco.graphml,197,486,1176656848,gravity,2.0,38609,2402.759521484375,pop,random,0,16,4,True,inv-cap,mcf,0.9999999999999999,0.018938064575195312
Cogentco.graphml,197,486,1264644244,poisson,32.0,19517,865029.5,pop,random,0.75,16,4,True,inv-cap,mcf,0.18631391118879018,0.10318112373352051
Cogentco.graphml,197,486,1038093168,poisson,16.0,19491,432514.0625,pop,random,0.75,16,4,True,inv-cap,mcf,0.39943870017780525,0.1145009994506836
Cogentco.graphml,197,486,1058989507,poisson,8.0,19469,216256.40625,pop,random,0.75,16,4,True,inv-cap,mcf,0.7657882877760652,0.08586907386779785
Cogentco.graphml,197,486,1924161815,poisson,64.0,19536,1730051.5,pop,random,0.75,16,4,True,inv-cap,mcf,0.09937653472185773,0.12986016273498535
Cogentco.graphml,197,486,1100381358,poisson,2.0,19493,54064.2109375,pop,random,0.75,16,4,True,inv-cap,mcf,0.9999999999999999,0.049942970275878906
Cogentco.graphml,197,486,1480899410,poisson,1.0,19488,27032.0546875,pop,random,0.75,16,4,True,inv-cap,mcf,0.9999999999999999,0.01526188850402832
Cogentco.graphml,197,486,1032633174,poisson,128.0,19561,3460106.5,pop,random,0.75,16,4,True,inv-cap,mcf,0.04754173026816212,0.14418411254882812
Cogentco.graphml,197,486,1082014999,poisson,4.0,19574,108128.484375,pop,random,0.75,16,4,True,inv-cap,mcf,0.9999999896336542,0.03538990020751953
Cogentco.graphml,197,486,145832539,uniform,32.0,38612,37110.59765625,pop,random,0,16,4,True,inv-cap,mcf,0.29948444927367834,0.18197894096374512
Cogentco.graphml,197,486,1110567089,uniform,4.0,38612,4635.0703125,pop,random,0,16,4,True,inv-cap,mcf,0.9999999999999999,0.019932031631469727
Cogentco.graphml,197,486,1022466024,uniform,16.0,38612,18592.33984375,pop,random,0,16,4,True,inv-cap,mcf,0.617518816658811,0.16696906089782715
Cogentco.graphml,197,486,163696636,uniform,128.0,38612,148869.9375,pop,random,0,16,4,True,inv-cap,mcf,0.07728283092864545,0.22179484367370605
Cogentco.graphml,197,486,1529536688,uniform,1.0,38612,1159.03173828125,pop,random,0,16,4,True,inv-cap,mcf,0.9999999999999999,0.02039504051208496
Cogentco.graphml,197,486,1147413089,uniform,2.0,38612,2311.373046875,pop,random,0,16,4,True,inv-cap,mcf,0.9999999999999999,0.03101491928100586
Cogentco.graphml,197,486,174559812,uniform,8.0,38612,9273.921875,pop,random,0,16,4,True,inv-cap,mcf,0.9999999999999998,0.048731088638305664
Cogentco.graphml,197,486,1911278421,uniform,64.0,38612,74223.2890625,pop,random,0,16,4,True,inv-cap,mcf,0.15902456743182652,0.21713709831237793
Cogentco.graphml,197,486,1261070367,bimodal,128.0,38612,148087.83557016632,pop,random,0,16,4,True,inv-cap,mcf,0.07481581692100098,0.22951102256774902
Cogentco.graphml,197,486,1123824412,bimodal,4.0,38612,4626.832950412587,pop,random,0,16,4,True,inv-cap,mcf,0.9999999999999999,0.020255088806152344
Cogentco.graphml,197,486,1297305407,bimodal,8.0,38612,9352.96370890008,pop,random,0,16,4,True,inv-cap,mcf,0.9999999999999998,0.05022883415222168
Cogentco.graphml,197,486,1318417115,bimodal,2.0,38612,2289.315020917489,pop,random,0,16,4,True,inv-cap,mcf,0.9999999999999999,0.020051956176757812
Cogentco.graphml,197,486,1709348441,bimodal,1.0,38612,1155.6177098862142,pop,random,0,16,4,True,inv-cap,mcf,0.9999999999999999,0.0203549861907959
Cogentco.graphml,197,486,1541550360,bimodal,16.0,38612,18687.208735557986,pop,random,0,16,4,True,inv-cap,mcf,0.5725843085531904,0.19518709182739258
Cogentco.graphml,197,486,1652071748,bimodal,64.0,38612,74564.89470300866,pop,random,0,16,4,True,inv-cap,mcf,0.15463834616891753,0.19035601615905762
Cogentco.graphml,197,486,1114307391,bimodal,32.0,38612,37298.01483063337,pop,random,0,16,4,True,inv-cap,mcf,0.29896311668264314,0.20752596855163574
Cogentco.graphml,197,486,1618377143,poisson,32.0,38612,48987.01953125,pop,random,0,16,4,True,inv-cap,mcf,0.3104683071612437,0.2030959129333496
Cogentco.graphml,197,486,1130417803,poisson,8.0,38612,12231.953125,pop,random,0,16,4,True,inv-cap,mcf,0.9999999999999998,0.04964709281921387
Cogentco.graphml,197,486,101382938,poisson,16.0,38611,24447.5625,pop,random,0,16,4,True,inv-cap,mcf,0.6279942993540821,0.15836405754089355
Cogentco.graphml,197,486,1858163378,poisson,128.0,38611,195857.484375,pop,random,0,16,4,True,inv-cap,mcf,0.07455586448014294,0.2234208583831787
Cogentco.graphml,197,486,1175139186,poisson,4.0,38612,6111.806640625,pop,random,0,16,4,True,inv-cap,mcf,0.9999999999999999,0.026757001876831055
Cogentco.graphml,197,486,1391425892,poisson,64.0,38612,98009.1875,pop,random,0,16,4,True,inv-cap,mcf,0.15575408435589905,0.23871779441833496
Cogentco.graphml,197,486,1144845239,poisson,1.0,38612,1527.82861328125,pop,random,0,16,4,True,inv-cap,mcf,0.9999999999999999,0.026131153106689453
Cogentco.graphml,197,486,113766835,poisson,2.0,38612,3054.970703125,pop,random,0,16,4,True,inv-cap,mcf,0.9999999999999999,0.0193479061126709
Colt.graphml,153,354,1108214735,gravity,16.0,23256,11981.1484375,pop,random,0,16,4,True,inv-cap,mcf,0.5544889942575377,0.06366991996765137
Colt.graphml,153,354,1002058247,gravity,32.0,23254,24040.171875,pop,random,0,16,4,True,inv-cap,mcf,0.29851245374350277,0.07551693916320801
Colt.graphml,153,354,1117579738,gravity,2.0,23256,1498.8203125,pop,random,0,16,4,True,inv-cap,mcf,0.9999999999999999,0.009936094284057617
Colt.graphml,153,354,1141211829,gravity,128.0,23256,95814.359375,pop,random,0,16,4,True,inv-cap,mcf,0.07450508592160322,0.0665438175201416
Colt.graphml,153,354,1041669110,gravity,1.0,23255,752.0161743164062,pop,random,0,16,4,True,inv-cap,mcf,0.9999999999999999,0.010915994644165039
Colt.graphml,153,354,1111060477,gravity,4.0,23255,3001.22509765625,pop,random,0,16,4,True,inv-cap,mcf,0.9999999999999999,0.01028895378112793
Colt.graphml,153,354,1200865651,gravity,64.0,23256,47867.94921875,pop,random,0,16,4,True,inv-cap,mcf,0.14078459586663533,0.05309486389160156
Colt.graphml,153,354,121297824,gravity,8.0,23256,6007.76416015625,pop,random,0,16,4,True,inv-cap,mcf,0.9999999999999999,0.02621603012084961
Colt.graphml,153,354,111046807,poisson,16.0,11714,243590.75,pop,random,0.75,16,4,True,inv-cap,mcf,0.3314299908457278,0.020835161209106445
Colt.graphml,153,354,14200283,poisson,4.0,11708,60897.58984375,pop,random,0.75,16,4,True,inv-cap,mcf,0.9999999999999999,0.019921064376831055
Colt.graphml,153,354,1240494465,poisson,2.0,11744,30449.27734375,pop,random,0.75,16,4,True,inv-cap,mcf,0.999999985283534,0.01618504524230957
Colt.graphml,153,354,1525703876,poisson,1.0,11728,15224.541015625,pop,random,0.75,16,4,True,inv-cap,mcf,0.9999999999999999,0.009910821914672852
Colt.graphml,153,354,1243630499,poisson,64.0,11797,974382.8125,pop,random,0.75,16,4,True,inv-cap,mcf,0.07879234625775129,0.04528093338012695
Colt.graphml,153,354,1179616255,poisson,128.0,11751,1948754.625,pop,random,0.75,16,4,True,inv-cap,mcf,0.031899851789577965,0.03946805000305176
Colt.graphml,153,354,1007510484,poisson,32.0,11728,487193.65625,pop,random,0.75,16,4,True,inv-cap,mcf,0.16175910324808182,0.02410721778869629
Colt.graphml,153,354,1082657135,poisson,8.0,11762,121794.578125,pop,random,0.75,16,4,True,inv-cap,mcf,0.6471691553833085,0.020496129989624023
Colt.graphml,153,354,1146461578,uniform,64.0,23256,48369.71484375,pop,random,0,16,4,True,inv-cap,mcf,0.11869322855290547,0.06532812118530273
Colt.graphml,153,354,1005621479,uniform,8.0,23256,6040.21875,pop,random,0,16,4,True,inv-cap,mcf,0.9999999999999999,0.029258012771606445
Colt.graphml,153,354,1148828272,uniform,4.0,23256,3039.8740234375,pop,random,0,16,4,True,inv-cap,mcf,0.9999999999999999,0.010549068450927734
Colt.graphml,153,354,1128463094,uniform,32.0,23256,24224.400390625,pop,random,0,16,4,True,inv-cap,mcf,0.2439750543955082,0.0683438777923584
Colt.graphml,153,354,1690350634,uniform,16.0,23256,12079.08203125,pop,random,0,16,4,True,inv-cap,mcf,0.48137546883444193,0.05949807167053223
Colt.graphml,153,354,1408971662,uniform,2.0,23256,1506.55029296875,pop,random,0,16,4,True,inv-cap,mcf,0.9999999999999999,0.013873100280761719
Colt.graphml,153,354,1754978910,uniform,1.0,23256,757.6119384765625,pop,random,0,16,4,True,inv-cap,mcf,0.9999999999999999,0.010194063186645508
Colt.graphml,153,354,1152615550,uniform,128.0,23256,96129.5625,pop,random,0,16,4,True,inv-cap,mcf,0.06588691598040303,0.053090810775756836
Colt.graphml,153,354,11195060,bimodal,32.0,23256,24256.418312338792,pop,random,0,16,4,True,inv-cap,mcf,0.2344531634125657,0.06162405014038086
Colt.graphml,153,354,1563448006,bimodal,64.0,23256,48495.14663810048,pop,random,0,16,4,True,inv-cap,mcf,0.11983567592987615,0.0866689682006836
Colt.graphml,153,354,1774035308,bimodal,2.0,23256,1517.3430723096487,pop,random,0,16,4,True,inv-cap,mcf,0.9999999999999999,0.018578052520751953
Colt.graphml,153,354,1154072128,bimodal,1.0,23256,755.1635664578362,pop,random,0,16,4,True,inv-cap,mcf,0.9999999999999999,0.013009786605834961
Colt.graphml,153,354,1358587428,bimodal,16.0,23256,12124.867597018852,pop,random,0,16,4,True,inv-cap,mcf,0.47435806995903024,0.05137991905212402
Colt.graphml,153,354,1186988402,bimodal,8.0,23256,6078.865363003848,pop,random,0,16,4,True,inv-cap,mcf,0.9916752362722087,0.024682998657226562
Colt.graphml,153,354,10912432,bimodal,4.0,23256,2963.8268968222374,pop,random,0,16,4,True,inv-cap,mcf,0.9999999999999999,0.013030052185058594
Colt.graphml,153,354,1059470809,bimodal,128.0,23256,96819.41277529235,pop,random,0,16,4,True,inv-cap,mcf,0.06256397048632815,0.07523298263549805
Colt.graphml,153,354,1497988131,poisson,2.0,23256,1973.890380859375,pop,random,0,16,4,True,inv-cap,mcf,0.9999999999999999,0.010316848754882812
Colt.graphml,153,354,1288694355,poisson,8.0,23256,7902.39111328125,pop,random,0,16,4,True,inv-cap,mcf,0.9999999999999999,0.022706031799316406
Colt.graphml,153,354,511704445,poisson,32.0,23256,31597.24609375,pop,random,0,16,4,True,inv-cap,mcf,0.2762155915581521,0.06597399711608887
Colt.graphml,153,354,1143481924,poisson,128.0,23256,126450.890625,pop,random,0,16,4,True,inv-cap,mcf,0.06534533249730838,0.06096506118774414
Colt.graphml,153,354,1483102118,poisson,4.0,23256,3950.5556640625,pop,random,0,16,4,True,inv-cap,mcf,0.9999999999999999,0.00980997085571289
Colt.graphml,153,354,1363618620,poisson,1.0,23256,987.47216796875,pop,random,0,16,4,True,inv-cap,mcf,0.9999999999999999,0.009604215621948242
Colt.graphml,153,354,1192860264,poisson,64.0,23256,63213.03125,pop,random,0,16,4,True,inv-cap,mcf,0.13146115373108924,0.08514404296875
Colt.graphml,153,354,1600030150,poisson,16.0,23256,15803.802734375,pop,random,0,16,4,True,inv-cap,mcf,0.5342031751573106,0.06858181953430176
TataNld.graphml,145,372,1555020805,gravity,8.0,20879,8022.689453125,pop,random,0,16,4,True,inv-cap,mcf,0.9999999999999999,0.030817031860351562
TataNld.graphml,145,372,1180050477,gravity,64.0,20879,64033.0,pop,random,0,16,4,True,inv-cap,mcf,0.21070580662180086,0.2194230556488037
TataNld.graphml,145,372,11412112,gravity,4.0,20880,4000.65478515625,pop,random,0,16,4,True,inv-cap,mcf,0.9999999999999999,0.011703968048095703
TataNld.graphml,145,372,1628983645,gravity,16.0,20879,16029.232421875,pop,random,0,16,4,True,inv-cap,mcf,0.8066875034570048,0.15517306327819824
TataNld.graphml,145,372,1257688362,gravity,2.0,20880,2004.56640625,pop,random,0,16,4,True,inv-cap,mcf,0.9999999999999999,0.015241861343383789
TataNld.graphml,145,372,1148601493,gravity,1.0,20880,1002.2694091796875,pop,random,0,16,4,True,inv-cap,mcf,0.9999999999999999,0.01190185546875
TataNld.graphml,145,372,1004732208,gravity,32.0,20879,31985.919921875,pop,random,0,16,4,True,inv-cap,mcf,0.41311489161476234,0.14121603965759277
TataNld.graphml,145,372,1093445293,gravity,128.0,20880,127946.40625,pop,random,0,16,4,True,inv-cap,mcf,0.10741137147798667,0.2222440242767334
TataNld.graphml,145,372,1049066647,poisson,1.0,10517,24677.98828125,pop,random,0.75,16,4,True,inv-cap,mcf,0.9999999999999999,0.017528772354125977
TataNld.graphml,145,372,1019158999,poisson,128.0,10507,3158806.25,pop,random,0.75,16,4,True,inv-cap,mcf,0.04178198208161259,0.05045509338378906
TataNld.graphml,145,372,1300591861,poisson,2.0,10569,49356.3359375,pop,random,0.75,16,4,True,inv-cap,mcf,0.9999999999999999,0.02745819091796875
TataNld.graphml,145,372,1338487316,poisson,8.0,10516,197423.4375,pop,random,0.75,16,4,True,inv-cap,mcf,0.6678229837818391,0.0554051399230957
TataNld.graphml,145,372,1222029913,poisson,64.0,10520,1579402.875,pop,random,0.75,16,4,True,inv-cap,mcf,0.07944720567375001,2.053602933883667
TataNld.graphml,145,372,112056917,poisson,32.0,10521,789695.25,pop,random,0.75,16,4,True,inv-cap,mcf,0.1594146842541812,0.06849002838134766
TataNld.graphml,145,372,1038492235,poisson,4.0,10519,98712.328125,pop,random,0.75,16,4,True,inv-cap,mcf,0.9999999999999999,0.032028913497924805
TataNld.graphml,145,372,1062186554,poisson,16.0,10496,394851.71875,pop,random,0.75,16,4,True,inv-cap,mcf,0.3326168948269096,0.0585789680480957
TataNld.graphml,145,372,1703807572,uniform,128.0,20880,133740.265625,pop,random,0,16,4,True,inv-cap,mcf,0.0911406406521324,0.1693260669708252
TataNld.graphml,145,372,1233739790,uniform,16.0,20880,16767.79296875,pop,random,0,16,4,True,inv-cap,mcf,0.6973901503350282,0.10364103317260742
TataNld.graphml,145,372,1721520704,uniform,64.0,20880,67137.0859375,pop,random,0,16,4,True,inv-cap,mcf,0.17385497194440355,0.1819748878479004
TataNld.graphml,145,372,1204647412,uniform,1.0,20880,1045.081298828125,pop,random,0,16,4,True,inv-cap,mcf,0.9999999999999999,0.012544870376586914
TataNld.graphml,145,372,1080887571,uniform,4.0,20880,4179.025390625,pop,random,0,16,4,True,inv-cap,mcf,0.9999999999999999,0.015516042709350586
TataNld.graphml,145,372,1572653706,uniform,2.0,20880,2089.924560546875,pop,random,0,16,4,True,inv-cap,mcf,0.9999999999999999,0.02096104621887207
TataNld.graphml,145,372,1046066580,uniform,8.0,20880,8372.2705078125,pop,random,0,16,4,True,inv-cap,mcf,0.9999999999999999,0.034728050231933594
TataNld.graphml,145,372,1892393464,uniform,32.0,20880,33348.46875,pop,random,0,16,4,True,inv-cap,mcf,0.34189917123084107,0.1513819694519043
TataNld.graphml,145,372,146255507,bimodal,32.0,20880,31984.498441646443,pop,random,0,16,4,True,inv-cap,mcf,0.3887562907910906,0.17245078086853027
TataNld.graphml,145,372,1054322069,bimodal,128.0,20880,128732.59305794095,pop,random,0,16,4,True,inv-cap,mcf,0.0909755175518723,0.2360668182373047
TataNld.graphml,145,372,1736928110,bimodal,4.0,20880,4040.5900207136106,pop,random,0,16,4,True,inv-cap,mcf,0.9999999999999999,0.014204978942871094
TataNld.graphml,145,372,1215924443,bimodal,16.0,20880,16009.773369687733,pop,random,0,16,4,True,inv-cap,mcf,0.7549622873865488,0.1009519100189209
TataNld.graphml,145,372,1046168753,bimodal,1.0,20880,1006.2424985102357,pop,random,0,16,4,True,inv-cap,mcf,0.9999999999999999,0.014971017837524414
TataNld.graphml,145,372,1017681749,bimodal,8.0,20880,8066.202214975441,pop,random,0,16,4,True,inv-cap,mcf,0.9999999999999999,0.03330206871032715
TataNld.graphml,145,372,1309535783,bimodal,64.0,20880,64679.245818147,pop,random,0,16,4,True,inv-cap,mcf,0.17265192586220623,0.14377593994140625
TataNld.graphml,145,372,1204130927,bimodal,2.0,20880,1975.4029219286533,pop,random,0,16,4,True,inv-cap,mcf,0.9999999999999999,0.015684127807617188
TataNld.graphml,145,372,11863330,poisson,16.0,20880,24329.310546875,pop,random,0,16,4,True,inv-cap,mcf,0.7651931766662111,0.1779022216796875
TataNld.graphml,145,372,1239489459,poisson,64.0,20880,97342.5390625,pop,random,0,16,4,True,inv-cap,mcf,0.1937577844809259,0.2673459053039551
TataNld.graphml,145,372,2125639104,poisson,8.0,20880,12171.06640625,pop,random,0,16,4,True,inv-cap,mcf,0.9999999999999999,0.02873396873474121
TataNld.graphml,145,372,1124114946,poisson,1.0,20880,1520.863037109375,pop,random,0,16,4,True,inv-cap,mcf,0.9999999999999999,0.01782393455505371
TataNld.graphml,145,372,1087312007,poisson,4.0,20880,6079.85205078125,pop,random,0,16,4,True,inv-cap,mcf,0.9999999999999999,0.01262211799621582
TataNld.graphml,145,372,1275811472,poisson,2.0,20880,3041.6904296875,pop,random,0,16,4,True,inv-cap,mcf,0.9999999999999999,0.011547088623046875
TataNld.graphml,145,372,1486650207,poisson,32.0,20880,48639.75390625,pop,random,0,16,4,True,inv-cap,mcf,0.39479860638304115,0.1772611141204834
TataNld.graphml,145,372,1708951837,poisson,128.0,20880,194653.53125,pop,random,0,16,4,True,inv-cap,mcf,0.09361875253731576,0.191025972366333
Deltacom.graphml,113,322,1268341991,gravity,1.0,12656,1505.446044921875,pop,random,0,16,4,True,inv-cap,mcf,0.9999999999999999,0.01121211051940918
Deltacom.graphml,113,322,119644466,gravity,16.0,12656,23933.35546875,pop,random,0,16,4,True,inv-cap,mcf,0.6387120045353721,0.06815099716186523
Deltacom.graphml,113,322,13036757,gravity,8.0,12656,12014.005859375,pop,random,0,16,4,True,inv-cap,mcf,0.9999999999999999,0.025374174118041992
Deltacom.graphml,113,322,12790396,gravity,128.0,12655,191986.34375,pop,random,0,16,4,True,inv-cap,mcf,0.08259852667613767,0.09077000617980957
Deltacom.graphml,113,322,1668474457,gravity,4.0,12656,5999.7724609375,pop,random,0,16,4,True,inv-cap,mcf,0.9999999999999999,0.018218994140625
Deltacom.graphml,113,322,1307039078,gravity,64.0,12655,95856.8125,pop,random,0,16,4,True,inv-cap,mcf,0.15737833693850914,0.06478095054626465
Deltacom.graphml,113,322,128300277,gravity,2.0,12655,3004.921875,pop,random,0,16,4,True,inv-cap,mcf,0.9999999999999999,0.005621910095214844
Deltacom.graphml,113,322,168131741,gravity,32.0,12653,47866.3125,pop,random,0,16,4,True,inv-cap,mcf,0.3011645600731155,0.07215213775634766
Deltacom.graphml,113,322,1021894572,poisson,2.0,6446,40749.41015625,pop,random,0.75,16,4,True,inv-cap,mcf,0.9999999999999999,0.012619972229003906
Deltacom.graphml,113,322,1685565187,poisson,32.0,6390,652041.5625,pop,random,0.75,16,4,True,inv-cap,mcf,0.13299697035778696,0.04428291320800781
Deltacom.graphml,113,322,1585509162,poisson,8.0,6395,163011.0,pop,random,0.75,16,4,True,inv-cap,mcf,0.5178443778561047,0.02698493003845215
Deltacom.graphml,113,322,12186945,poisson,4.0,6395,81507.5703125,pop,random,0.75,16,4,True,inv-cap,mcf,0.9335725296124182,0.015300989151000977
Deltacom.graphml,113,322,1054314477,poisson,16.0,6428,326010.0,pop,random,0.75,16,4,True,inv-cap,mcf,0.2426803829468915,0.02742910385131836
Deltacom.graphml,113,322,1315123963,poisson,128.0,6406,2607988.5,pop,random,0.75,16,4,True,inv-cap,mcf,0.03348627839556436,0.029024124145507812
Deltacom.graphml,113,322,1015885682,poisson,1.0,6399,20379.58203125,pop,random,0.75,16,4,True,inv-cap,mcf,0.9999999999999999,0.009229898452758789
Deltacom.graphml,113,322,1144433792,poisson,64.0,6400,1304249.5,pop,random,0.75,16,4,True,inv-cap,mcf,0.06975874395807664,0.03253912925720215
Deltacom.graphml,113,322,1235742531,uniform,64.0,12656,101758.09375,pop,random,0,16,4,True,inv-cap,mcf,0.12256117001922882,0.05595111846923828
Deltacom.graphml,113,322,1107844858,uniform,32.0,12656,50566.5078125,pop,random,0,16,4,True,inv-cap,mcf,0.26001954002297223,0.046167850494384766
Deltacom.graphml,113,322,1509562651,uniform,16.0,12656,25490.234375,pop,random,0,16,4,True,inv-cap,mcf,0.5221846008396975,0.05388021469116211
Deltacom.graphml,113,322,1471177732,uniform,1.0,12656,1585.187744140625,pop,random,0,16,4,True,inv-cap,mcf,0.9999999999999999,0.010119915008544922
Deltacom.graphml,113,322,1535944641,uniform,4.0,12656,6281.24853515625,pop,random,0,16,4,True,inv-cap,mcf,0.9999999999999999,0.009057998657226562
Deltacom.graphml,113,322,1467551461,uniform,2.0,12656,3155.6533203125,pop,random,0,16,4,True,inv-cap,mcf,0.9999999999999999,0.009033203125
Deltacom.graphml,113,322,1596676538,uniform,128.0,12656,202529.640625,pop,random,0,16,4,True,inv-cap,mcf,0.06068258131793113,0.05415987968444824
Deltacom.graphml,113,322,1828247016,uniform,8.0,12656,12666.060546875,pop,random,0,16,4,True,inv-cap,mcf,0.9579447968349926,0.017901897430419922
Deltacom.graphml,113,322,1157010964,bimodal,4.0,12656,6359.151693888256,pop,random,0,16,4,True,inv-cap,mcf,0.9999999999999999,0.010158061981201172
Deltacom.graphml,113,322,1201910222,bimodal,2.0,12656,3126.4234053533005,pop,random,0,16,4,True,inv-cap,mcf,0.9999999999999999,0.007925987243652344
Deltacom.graphml,113,322,1582808391,bimodal,1.0,12656,1554.41136000727,pop,random,0,16,4,True,inv-cap,mcf,0.9999999999999999,0.00654911994934082
Deltacom.graphml,113,322,1473778793,bimodal,32.0,12656,51130.50506019155,pop,random,0,16,4,True,inv-cap,mcf,0.21224069325511072,0.05747699737548828
Deltacom.graphml,113,322,1000318304,bimodal,64.0,12656,100842.24627619208,pop,random,0,16,4,True,inv-cap,mcf,0.10743835943720563,0.04609489440917969
Deltacom.graphml,113,322,1058893479,bimodal,8.0,12656,12596.714231487778,pop,random,0,16,4,True,inv-cap,mcf,0.8257998823590341,0.018723011016845703
Deltacom.graphml,113,322,1219815966,bimodal,16.0,12656,25119.072665725093,pop,random,0,16,4,True,inv-cap,mcf,0.4279240061881783,0.048094987869262695
Deltacom.graphml,113,322,1078738964,bimodal,128.0,12656,202661.07984219128,pop,random,0,16,4,True,inv-cap,mcf,0.05744066914913068,0.04099583625793457
Deltacom.graphml,113,322,1485723312,poisson,1.0,12656,1822.2861328125,pop,random,0,16,4,True,inv-cap,mcf,0.9999999999999999,0.010504007339477539
Deltacom.graphml,113,322,1048517467,poisson,4.0,12656,7291.8232421875,pop,random,0,16,4,True,inv-cap,mcf,0.9999999999999999,0.009626150131225586
Deltacom.graphml,113,322,1168556047,poisson,16.0,12656,29171.486328125,pop,random,0,16,4,True,inv-cap,mcf,0.5891651199656048,0.04554295539855957
Deltacom.graphml,113,322,1035695445,poisson,128.0,12656,233348.8125,pop,random,0,16,4,True,inv-cap,mcf,0.07581165640633114,0.04512596130371094
Deltacom.graphml,113,322,1336782856,poisson,32.0,12656,58324.25390625,pop,random,0,16,4,True,inv-cap,mcf,0.2989039498856243,0.04776787757873535
Deltacom.graphml,113,322,1200184678,poisson,64.0,12656,116771.25,pop,random,0,16,4,True,inv-cap,mcf,0.15017685538326758,0.05814695358276367
Deltacom.graphml,113,322,1091150716,poisson,2.0,12656,3646.769287109375,pop,random,0,16,4,True,inv-cap,mcf,0.9999999999999999,0.006803989410400391
Deltacom.graphml,113,322,1708264619,poisson,8.0,12656,14581.267578125,pop,random,0,16,4,True,inv-cap,mcf,0.9999999999999999,0.015135049819946289
DialtelecomCz.graphml,138,302,1185012436,gravity,64.0,18906,73671.375,pop,random,0,16,4,True,inv-cap,mcf,0.11498932676655613,0.09859514236450195
DialtelecomCz.graphml,138,302,1374272211,gravity,2.0,18906,2301.09716796875,pop,random,0,16,4,True,inv-cap,mcf,0.9999999999999999,0.010270118713378906
DialtelecomCz.graphml,138,302,1177303366,gravity,8.0,18904,9200.62890625,pop,random,0,16,4,True,inv-cap,mcf,0.9610180419565784,0.05411791801452637
DialtelecomCz.graphml,138,302,1200931432,gravity,32.0,18905,36761.01953125,pop,random,0,16,4,True,inv-cap,mcf,0.23654832935190542,0.09739089012145996
DialtelecomCz.graphml,138,302,1064113957,gravity,16.0,18906,18393.42578125,pop,random,0,16,4,True,inv-cap,mcf,0.4784491513669404,0.08938193321228027
DialtelecomCz.graphml,138,302,1536565063,gravity,1.0,18906,1148.716552734375,pop,random,0,16,4,True,inv-cap,mcf,0.9999999999999999,0.012911796569824219
DialtelecomCz.graphml,138,302,2043794026,gravity,4.0,18906,4604.12353515625,pop,random,0,16,4,True,inv-cap,mcf,0.9999999999999999,0.026354074478149414
DialtelecomCz.graphml,138,302,1288319454,gravity,128.0,18905,146918.140625,pop,random,0,16,4,True,inv-cap,mcf,0.05844724668157201,0.07812285423278809
DialtelecomCz.graphml,138,302,1700967992,poisson,1.0,9544,21077.79296875,pop,random,0.75,16,4,True,inv-cap,mcf,0.9999999999999999,0.030666112899780273
DialtelecomCz.graphml,138,302,1529720562,poisson,128.0,9561,2697957.5,pop,random,0.75,16,4,True,inv-cap,mcf,0.04327555986949479,0.0740060806274414
DialtelecomCz.graphml,138,302,1101444395,poisson,16.0,9522,337244.6875,pop,random,0.75,16,4,True,inv-cap,mcf,0.33676690608806314,0.049568891525268555
DialtelecomCz.graphml,138,302,2066203998,poisson,64.0,9532,1348978.75,pop,random,0.75,16,4,True,inv-cap,mcf,0.0724959545011166,0.07772994041442871
DialtelecomCz.graphml,138,302,1033313530,poisson,32.0,9576,674489.375,pop,random,0.75,16,4,True,inv-cap,mcf,0.15597164490301413,0.052462100982666016
DialtelecomCz.graphml,138,302,1274978453,poisson,2.0,9545,42155.58203125,pop,random,0.75,16,4,True,inv-cap,mcf,0.9999999999999999,0.034526824951171875
DialtelecomCz.graphml,138,302,1033170170,poisson,8.0,9545,168622.34375,pop,random,0.75,16,4,True,inv-cap,mcf,0.5825576078638199,0.05181598663330078
DialtelecomCz.graphml,138,302,1003544367,poisson,4.0,9565,84311.1796875,pop,random,0.75,16,4,True,inv-cap,mcf,0.9999999999999998,0.03691697120666504
DialtelecomCz.graphml,138,302,1169234340,uniform,2.0,18906,2369.26025390625,pop,random,0,16,4,True,inv-cap,mcf,0.9999999999999999,0.017983198165893555
DialtelecomCz.graphml,138,302,2142784852,uniform,1.0,18906,1183.9808349609375,pop,random,0,16,4,True,inv-cap,mcf,0.9999999999999999,0.013838052749633789
DialtelecomCz.graphml,138,302,1229573524,uniform,16.0,18906,19078.55078125,pop,random,0,16,4,True,inv-cap,mcf,0.401371451155736,0.07993602752685547
DialtelecomCz.graphml,138,302,1008998022,uniform,32.0,18906,37967.03515625,pop,random,0,16,4,True,inv-cap,mcf,0.2021412231967052,0.08810782432556152
DialtelecomCz.graphml,138,302,1484642106,uniform,4.0,18906,4705.4443359375,pop,random,0,16,4,True,inv-cap,mcf,0.9999999999999999,0.020811080932617188
DialtelecomCz.graphml,138,302,1228006900,uniform,128.0,18906,151090.203125,pop,random,0,16,4,True,inv-cap,mcf,0.05195524204055294,0.08730912208557129
DialtelecomCz.graphml,138,302,1101826499,uniform,8.0,18906,9487.8837890625,pop,random,0,16,4,True,inv-cap,mcf,0.8606736901800723,0.06569695472717285
DialtelecomCz.graphml,138,302,1202575377,uniform,64.0,18906,76293.96875,pop,random,0,16,4,True,inv-cap,mcf,0.10600436706437691,0.0807809829711914
DialtelecomCz.graphml,138,302,212501171,bimodal,1.0,18906,1148.9505410207007,pop,random,0,16,4,True,inv-cap,mcf,0.9999999999999999,0.020431041717529297
DialtelecomCz.graphml,138,302,1266913659,bimodal,16.0,18906,18223.756284057145,pop,random,0,16,4,True,inv-cap,mcf,0.41581013994316385,0.10966777801513672
DialtelecomCz.graphml,138,302,106656585,bimodal,64.0,18906,72987.37374576199,pop,random,0,16,4,True,inv-cap,mcf,0.10355629293764804,0.07498383522033691
DialtelecomCz.graphml,138,302,1285236361,bimodal,128.0,18906,145703.54946581856,pop,random,0,16,4,True,inv-cap,mcf,0.047299509900996864,0.08228302001953125
DialtelecomCz.graphml,138,302,1049785255,bimodal,4.0,18906,4512.092544956264,pop,random,0,16,4,True,inv-cap,mcf,0.9999999999999999,0.020596027374267578
DialtelecomCz.graphml,138,302,1038467044,bimodal,8.0,18906,9102.431734980777,pop,random,0,16,4,True,inv-cap,mcf,0.7999021966947715,0.07376790046691895
DialtelecomCz.graphml,138,302,1180553795,bimodal,2.0,18906,2271.3472503219423,pop,random,0,16,4,True,inv-cap,mcf,0.9999999999999999,0.01782393455505371
DialtelecomCz.graphml,138,302,1509911122,bimodal,32.0,18906,36495.78169278174,pop,random,0,16,4,True,inv-cap,mcf,0.21250903393842552,0.08980393409729004
DialtelecomCz.graphml,138,302,1729695939,poisson,2.0,18906,3322.7392578125,pop,random,0,16,4,True,inv-cap,mcf,0.9999999999999999,0.017240047454833984
DialtelecomCz.graphml,138,302,143002740,poisson,16.0,18906,26567.6484375,pop,random,0,16,4,True,inv-cap,mcf,0.46475520120769687,0.09364509582519531
DialtelecomCz.graphml,138,302,1249101529,poisson,8.0,18906,13288.6962890625,pop,random,0,16,4,True,inv-cap,mcf,0.9451424286593104,0.05546712875366211
DialtelecomCz.graphml,138,302,1165451306,poisson,64.0,18906,106310.9375,pop,random,0,16,4,True,inv-cap,mcf,0.11951859101372993,0.09432291984558105
DialtelecomCz.graphml,138,302,1226323835,poisson,1.0,18906,1661.5294189453125,pop,random,0,16,4,True,inv-cap,mcf,0.9999999999999999,0.011494159698486328
DialtelecomCz.graphml,138,302,1211034344,poisson,128.0,18906,212500.671875,pop,random,0,16,4,True,inv-cap,mcf,0.06134706805307603,0.1009531021118164
DialtelecomCz.graphml,138,302,1228027199,poisson,4.0,18906,6641.31787109375,pop,random,0,16,4,True,inv-cap,mcf,0.9999999999999999,0.020695924758911133
DialtelecomCz.graphml,138,302,1171717505,poisson,32.0,18906,53153.5234375,pop,random,0,16,4,True,inv-cap,mcf,0.23845933305297803,0.09729886054992676
Kdl.graphml,754,1790,102333321,gravity,4.0,567747,6000.41455078125,pop,random,0,16,4,True,inv-cap,mcf,0.9999999999999999,1.0004780292510986
Kdl.graphml,754,1790,1947258216,gravity,1.0,567742,1500.1810302734375,pop,random,0,16,4,True,inv-cap,mcf,0.9999999999999999,0.6379618644714355
Kdl.graphml,754,1790,1710674203,gravity,16.0,567745,24000.064453125,pop,random,0,16,4,True,inv-cap,mcf,0.7151517289819834,18.164720058441162
Kdl.graphml,754,1790,133885275,gravity,32.0,567739,48011.5078125,pop,random,0,16,4,True,inv-cap,mcf,0.35352562237089635,31.83894991874695
Kdl.graphml,754,1790,1876254433,gravity,8.0,567752,12006.26953125,pop,random,0,16,4,True,inv-cap,mcf,0.9999999999999999,2.3625621795654297
Kdl.graphml,754,1790,1034240991,gravity,128.0,567744,192036.09375,pop,random,0,16,4,True,inv-cap,mcf,0.08907104348448121,35.2595009803772
Kdl.graphml,754,1790,1640115421,gravity,2.0,567745,2999.551025390625,pop,random,0,16,4,True,inv-cap,mcf,0.9999999999999999,0.45096802711486816
Kdl.graphml,754,1790,1022240448,gravity,64.0,567743,96035.2109375,pop,random,0,16,4,True,inv-cap,mcf,0.18003638126348157,34.82248306274414
Kdl.graphml,754,1790,1158533055,poisson,1.0,285961,44242.01953125,pop,random,0.75,16,4,True,inv-cap,mcf,0.9999999999999999,0.20873785018920898
Kdl.graphml,754,1790,1771706265,poisson,64.0,285941,2831489.0,pop,random,0.75,16,4,True,inv-cap,mcf,0.14938106743108742,18.748219966888428
Kdl.graphml,754,1790,1303852474,poisson,128.0,285909,5662977.5,pop,random,0.75,16,4,True,inv-cap,mcf,0.07271355577527584,19.37486982345581
Kdl.graphml,754,1790,1021533148,poisson,16.0,285904,707872.125,pop,random,0.75,16,4,True,inv-cap,mcf,0.5962248841067548,20.782474994659424
Kdl.graphml,754,1790,1067709734,poisson,2.0,285826,88484.03125,pop,random,0.75,16,4,True,inv-cap,mcf,0.9999999964638661,0.5091578960418701
Kdl.graphml,754,1790,1596242378,poisson,4.0,285970,176968.0,pop,random,0.75,16,4,True,inv-cap,mcf,0.9999999999999999,0.9547691345214844
Kdl.graphml,754,1790,1036345481,poisson,32.0,285706,1415744.25,pop,random,0.75,16,4,True,inv-cap,mcf,0.300873557023331,17.283730030059814
Kdl.graphml,754,1790,112435160,poisson,8.0,286067,353935.90625,pop,random,0.75,16,4,True,inv-cap,mcf,0.9999999999999997,1.3148529529571533
Kdl.graphml,754,1790,1812227410,uniform,16.0,567762,22726.798828125,pop,random,0,16,4,True,inv-cap,mcf,0.747063410491237,18.097830057144165
Kdl.graphml,754,1790,1192452225,uniform,1.0,567762,1418.2476806640625,pop,random,0,16,4,True,inv-cap,mcf,0.9999999999999999,0.4560720920562744
Kdl.graphml,754,1790,1575403736,uniform,4.0,567762,5679.79150390625,pop,random,0,16,4,True,inv-cap,mcf,0.9999999999999999,0.6084079742431641
Kdl.graphml,754,1790,1569901949,uniform,128.0,567762,181588.390625,pop,random,0,16,4,True,inv-cap,mcf,0.09322138089122463,32.89059400558472
Kdl.graphml,754,1790,1355898310,uniform,32.0,567762,45376.9921875,pop,random,0,16,4,True,inv-cap,mcf,0.3734896794513115,30.365942001342773
Kdl.graphml,754,1790,1254830520,uniform,64.0,567762,90823.15625,pop,random,0,16,4,True,inv-cap,mcf,0.18850559529753086,32.448455810546875
Kdl.graphml,754,1790,1575370101,uniform,8.0,567762,11354.7021484375,pop,random,0,16,4,True,inv-cap,mcf,0.9999999999999999,1.7639570236206055
Kdl.graphml,754,1790,1343416768,uniform,2.0,567762,2841.005126953125,pop,random,0,16,4,True,inv-cap,mcf,0.9999999999999999,0.3931748867034912
Kdl.graphml,754,1790,1243366308,bimodal,2.0,567762,3118.8023525312706,pop,random,0,16,4,True,inv-cap,mcf,0.9999999999999999,0.39508819580078125
Kdl.graphml,754,1790,1062062353,bimodal,32.0,567762,50067.820441241405,pop,random,0,16,4,True,inv-cap,mcf,0.3411875571848093,31.52986979484558
Kdl.graphml,754,1790,1238850944,bimodal,4.0,567762,6232.477957459828,pop,random,0,16,4,True,inv-cap,mcf,0.9999999999999999,0.6118330955505371
Kdl.graphml,754,1790,2041644917,bimodal,8.0,567762,12476.059602552066,pop,random,0,16,4,True,inv-cap,mcf,0.9999999999999998,2.2425220012664795
Kdl.graphml,754,1790,127701462,bimodal,64.0,567762,99694.97252796024,pop,random,0,16,4,True,inv-cap,mcf,0.16898261875011372,31.659090995788574
Kdl.graphml,754,1790,1258490337,bimodal,128.0,567762,199346.79498882618,pop,random,0,16,4,True,inv-cap,mcf,0.08476827696691519,32.0569121837616
Kdl.graphml,754,1790,127569293,bimodal,1.0,567762,1562.3357498833072,pop,random,0,16,4,True,inv-cap,mcf,0.9999999999999999,0.411823034286499
Kdl.graphml,754,1790,1047347487,bimodal,16.0,567762,24969.015565721344,pop,random,0,16,4,True,inv-cap,mcf,0.6795985894035873,18.616496801376343
Kdl.graphml,754,1790,1506113288,poisson,16.0,567762,47055.015625,pop,random,0,16,4,True,inv-cap,mcf,0.7349046602667823,34.320152044296265
Kdl.graphml,754,1790,1123942708,poisson,32.0,567762,94116.71875,pop,random,0,16,4,True,inv-cap,mcf,0.3706102720216144,40.87702512741089
Kdl.graphml,754,1790,1116586565,poisson,4.0,567762,11763.662109375,pop,random,0,16,4,True,inv-cap,mcf,0.9999999999999999,0.6048018932342529
Kdl.graphml,754,1790,1228906045,poisson,64.0,567762,188233.828125,pop,random,0,16,4,True,inv-cap,mcf,0.18530211911407876,51.486138105392456
Kdl.graphml,754,1790,1986708651,poisson,128.0,567762,376456.5,pop,random,0,16,4,True,inv-cap,mcf,0.0906487127061448,46.95516800880432
Kdl.graphml,754,1790,329065179,poisson,8.0,567762,23527.47265625,pop,random,0,16,4,True,inv-cap,mcf,0.9999999999999999,2.6014041900634766
Kdl.graphml,754,1790,1333812558,poisson,1.0,567762,2941.075927734375,pop,random,0,16,4,True,inv-cap,mcf,0.9999999999999999,0.38889002799987793
Kdl.graphml,754,1790,1203873963,poisson,2.0,567762,5882.28857421875,pop,random,0,16,4,True,inv-cap,mcf,0.9999999999999999,0.38863706588745117
